Series Name,Series Code,Country Name,Country Code,1990 [YR1990],2000 [YR2000],2007 [YR2007],2008 [YR2008],2009 [YR2009],2010 [YR2010],2011 [YR2011],2012 [YR2012],2013 [YR2013],2014 [YR2014],2015 [YR2015],2016 [YR2016]
"Children out of school, primary, female",SE.PRM.UNER.FE,Afghanistan,AFG,..,..,..,..,..,..,..,..,..,..,..,..
"Children out of school, primary, female",SE.PRM.UNER.FE,Albania,ALB,..,6330,..,9747,13205,10487,7775,4395,4196,..,..,..
"Children out of school, primary, female",SE.PRM.UNER.FE,Algeria,DZA,448068,250964,92175,63036,..,..,..,..,..,..,..,..
"Children out of school, primary, female",SE.PRM.UNER.FE,American Samoa,ASM,..,..,..,..,..,..,..,..,..,..,..,..
"Children out of school, primary, female",SE.PRM.UNER.FE,Andorra,ADO,..,..,..,..,..,..,..,..,..,..,..,..
"Children out of school, primary, female",SE.PRM.UNER.FE,Angola,AGO,..,..,..,431230,463178,483922,525174,..,..,..,..,..
"Children out of school, primary, female",SE.PRM.UNER.FE,Antigua and Barbuda,ATG,..,..,472,392,494,754,773,786,..,800,..,..
"Children out of school, primary, female",SE.PRM.UNER.FE,Argentina,ARG,..,..,13082,17222,17761,33903,32045,31673,24780,..,..,..
"Children out of school, primary, female",SE.PRM.UNER.FE,Armenia,ARM,..,..,1023,..,..,..,..,..,..,..,..,..
"Children out of school, primary, female",SE.PRM.UNER.FE,Aruba,ABW,..,83,77,55,96,..,..,..,..,23,..,..
"Children out of school, primary, female",SE.PRM.UNER.FE,Australia,AUS,16327,40203,22261,21943,22829,21978,17343,19816,22965,..,..,..
"Children out of school, primary, female",SE.PRM.UNER.FE,Austria,AUT,..,..,..,..,..,..,..,..,..,..,..,..
"Children out of school, primary, female",SE.PRM.UNER.FE,Azerbaijan,AZE,..,42620,43150,40596,36907,38153,33050,27846,18916,12640,..,..
"Children out of school, primary, female",SE.PRM.UNER.FE,"Bahamas, The",BHS,..,..,..,60,167,..,..,..,..,..,..,..
"Children out of school, primary, female",SE.PRM.UNER.FE,Bahrain,BHR,..,..,..,..,..,..,..,..,..,..,..,..
"Children out of school, primary, female",SE.PRM.UNER.FE,Bangladesh,BGD,2411263,..,..,481918,174125,282669,..,..,..,..,..,..
"Children out of school, primary, female",SE.PRM.UNER.FE,Barbados,BRB,409,530,482,323,589,457,661,..,..,827,..,..
"Children out of school, primary, female",SE.PRM.UNER.FE,Belarus,BLR,..,..,..,..,13993,14605,15355,10011,10626,10616,..,..
"Children out of school, primary, female",SE.PRM.UNER.FE,Belgium,BEL,..,2545,4983,2614,2689,3534,3318,2375,2158,2860,..,..
"Children out of school, primary, female",SE.PRM.UNER.FE,Belize,BLZ,..,794,928,901,710,432,688,45,314,348,..,..
"Children out of school, primary, female",SE.PRM.UNER.FE,Benin,BEN,305551,..,..,142184,99740,..,92509,..,..,..,..,..
"Children out of school, primary, female",SE.PRM.UNER.FE,Bermuda,BMU,..,..,..,..,..,..,277,438,..,..,..,..
"Children out of school, primary, female",SE.PRM.UNER.FE,Bhutan,BTN,..,23577,..,8468,6051,4888,4575,3865,4698,4779,..,..
"Children out of school, primary, female",SE.PRM.UNER.FE,Bolivia,BOL,..,26296,21857,34260,..,..,..,..,..,..,..,..
"Children out of school, primary, female",SE.PRM.UNER.FE,Bosnia and Herzegovina,BIH,..,..,..,..,..,..,2419,1054,..,399,..,..
"Children out of school, primary, female",SE.PRM.UNER.FE,Botswana,BWA,14769,25106,21442,21914,21870,..,..,12938,12395,..,..,..
"Children out of school, primary, female",SE.PRM.UNER.FE,Brazil,BRA,..,..,428212,138568,158529,..,281299,145720,455495,..,..,..
"Children out of school, primary, female",SE.PRM.UNER.FE,British Virgin Islands,VGB,..,..,..,..,..,..,..,..,..,..,..,..
"Children out of school, primary, female",SE.PRM.UNER.FE,Brunei Darussalam,BRN,..,..,..,..,..,..,..,..,..,..,..,..
"Children out of school, primary, female",SE.PRM.UNER.FE,Bulgaria,BGR,..,5362,5613,2476,334,321,1241,3390,3996,4277,..,..
"Children out of school, primary, female",SE.PRM.UNER.FE,Burkina Faso,BFA,..,649098,568166,509928,485215,551636,504546,501274,501098,499647,..,..
"Children out of school, primary, female",SE.PRM.UNER.FE,Burundi,BDI,..,393264,153055,86035,93561,60476,..,..,78440,27340,..,..
"Children out of school, primary, female",SE.PRM.UNER.FE,Cabo Verde,CPV,..,737,2779,2710,2246,1479,978,448,347,463,..,..
"Children out of school, primary, female",SE.PRM.UNER.FE,Cambodia,KHM,..,135251,60689,71168,..,69514,43181,43991,..,57357,..,..
"Children out of school, primary, female",SE.PRM.UNER.FE,Cameroon,CMR,327905,..,..,..,..,..,..,198007,..,184714,..,..
"Children out of school, primary, female",SE.PRM.UNER.FE,Canada,CAN,48183,..,..,..,..,..,..,..,..,..,..,..
"Children out of school, primary, female",SE.PRM.UNER.FE,Cayman Islands,CYM,..,..,..,..,..,..,..,..,..,..,..,..
"Children out of school, primary, female",SE.PRM.UNER.FE,Central African Republic,CAF,126425,..,173812,147180,148105,140959,146099,134223,..,..,..,..
"Children out of school, primary, female",SE.PRM.UNER.FE,Chad,TCD,..,420327,..,..,..,..,482025,..,295355,..,..,..
"Children out of school, primary, female",SE.PRM.UNER.FE,Channel Islands,CHI,..,..,..,..,..,..,..,..,..,..,..,..
"Children out of school, primary, female",SE.PRM.UNER.FE,Chile,CHL,..,..,22288,26066,41823,37444,47251,50674,54306,50233,..,..
"Children out of school, primary, female",SE.PRM.UNER.FE,China,CHN,..,..,..,..,..,..,..,..,..,..,..,..
"Children out of school, primary, female",SE.PRM.UNER.FE,Colombia,COL,..,52356,75973,72498,64061,59277,55319,113260,134714,147281,..,..
"Children out of school, primary, female",SE.PRM.UNER.FE,Comoros,COM,..,17292,12303,..,..,..,..,..,9563,..,..,..
"Children out of school, primary, female",SE.PRM.UNER.FE,"Congo, Dem. Rep.",ZAR,..,..,..,..,..,..,..,..,..,..,..,..
"Children out of school, primary, female",SE.PRM.UNER.FE,"Congo, Rep.",COG,..,..,..,..,..,38435,..,10671,..,..,..,..
"Children out of school, primary, female",SE.PRM.UNER.FE,Costa Rica,CRI,25063,..,..,..,..,..,940,825,2761,7641,..,..
"Children out of school, primary, female",SE.PRM.UNER.FE,Cote d'Ivoire,CIV,..,673455,..,..,786424,..,..,..,561054,514940,..,..
"Children out of school, primary, female",SE.PRM.UNER.FE,Croatia,HRV,..,6448,107,1407,7660,3748,1664,360,..,270,..,..
"Children out of school, primary, female",SE.PRM.UNER.FE,Cuba,CUB,32484,10473,11948,7689,..,13,4183,10189,12925,24438,..,..
"Children out of school, primary, female",SE.PRM.UNER.FE,Curacao,CUW,..,..,..,..,..,..,..,..,..,..,..,..
"Children out of school, primary, female",SE.PRM.UNER.FE,Cyprus,CYP,7572,511,209,358,298,140,198,436,544,572,..,..
"Children out of school, primary, female",SE.PRM.UNER.FE,Czech Republic,CZE,..,..,..,..,..,..,..,..,..,..,..,..
"Children out of school, primary, female",SE.PRM.UNER.FE,Denmark,DNK,3691,2391,4215,4533,4714,5153,3733,2850,2228,2945,..,..
"Children out of school, primary, female",SE.PRM.UNER.FE,Djibouti,DJI,34889,47064,32728,24566,24568,..,20855,..,21527,18734,21582,..
"Children out of school, primary, female",SE.PRM.UNER.FE,Dominica,DMA,..,..,466,432,48,..,..,..,..,..,..,..
"Children out of school, primary, female",SE.PRM.UNER.FE,Dominican Republic,DOM,..,86168,62364,83882,54759,63031,60551,71430,77067,90684,..,..
"Children out of school, primary, female",SE.PRM.UNER.FE,Ecuador,ECU,..,21169,..,..,12694,19837,..,..,..,21518,..,..
"Children out of school, primary, female",SE.PRM.UNER.FE,"Egypt, Arab Rep.",EGY,..,579451,..,..,..,..,..,145352,..,33219,..,..
"Children out of school, primary, female",SE.PRM.UNER.FE,El Salvador,SLV,..,31540,14916,14029,13844,14173,15196,15405,14012,18824,..,..
"Children out of school, primary, female",SE.PRM.UNER.FE,Equatorial Guinea,GNQ,..,14138,..,23702,24181,24445,23638,22806,..,..,..,..
"Children out of school, primary, female",SE.PRM.UNER.FE,Eritrea,ERI,..,177036,147507,159019,171279,183321,184897,186120,205607,..,..,..
"Children out of school, primary, female",SE.PRM.UNER.FE,Estonia,EST,..,13,1142,1369,1503,481,81,66,209,..,..,..
"Children out of school, primary, female",SE.PRM.UNER.FE,Ethiopia,ETH,..,3497146,2116440,1788760,1822672,2014672,1777390,1705794,..,1276071,..,..
"Children out of school, primary, female",SE.PRM.UNER.FE,Faroe Islands,FRO,..,..,..,..,..,..,..,..,..,..,..,..
"Children out of school, primary, female",SE.PRM.UNER.FE,Fiji,FJI,..,2800,..,..,171,..,..,..,780,..,..,..
"Children out of school, primary, female",SE.PRM.UNER.FE,Finland,FIN,..,..,4424,4165,3952,3456,2896,1259,333,196,..,..
"Children out of school, primary, female",SE.PRM.UNER.FE,France,FRA,..,3497,13135,13763,11057,10704,10124,10181,7010,6756,..,..
"Children out of school, primary, female",SE.PRM.UNER.FE,French Polynesia,PYF,..,..,..,..,..,..,..,..,..,..,..,..
"Children out of school, primary, female",SE.PRM.UNER.FE,Gabon,GAB,..,..,..,..,..,..,..,..,..,..,..,..
"Children out of school, primary, female",SE.PRM.UNER.FE,"Gambia, The",GMB,..,29921,25079,30975,..,37779,38583,35872,43426,44729,..,..
"Children out of school, primary, female",SE.PRM.UNER.FE,Georgia,GEO,..,..,8644,..,..,..,..,..,..,..,..,..
"Children out of school, primary, female",SE.PRM.UNER.FE,Germany,DEU,..,..,..,..,..,..,..,..,..,..,..,..
"Children out of school, primary, female",SE.PRM.UNER.FE,Ghana,GHA,..,514939,449966,364546,399206,..,283703,345681,241632,199242,151839,..
"Children out of school, primary, female",SE.PRM.UNER.FE,Gibraltar,GIB,..,..,..,..,..,..,..,..,..,..,..,..
"Children out of school, primary, female",SE.PRM.UNER.FE,Greece,GRC,17953,5415,11357,..,..,6934,8330,8394,10292,..,..,..
"Children out of school, primary, female",SE.PRM.UNER.FE,Greenland,GRL,..,..,..,..,..,..,..,..,..,..,..,..
"Children out of school, primary, female",SE.PRM.UNER.FE,Grenada,GRD,..,..,423,240,49,..,..,..,97,170,..,..
"Children out of school, primary, female",SE.PRM.UNER.FE,Guam,GUM,..,..,..,..,..,..,..,..,..,..,..,..
"Children out of school, primary, female",SE.PRM.UNER.FE,Guatemala,GTM,..,167206,57743,56642,17472,16658,38395,72099,101212,127722,..,..
"Children out of school, primary, female",SE.PRM.UNER.FE,Guinea,GIN,370409,428539,290887,307667,306622,305808,271472,284518,284935,260689,..,..
"Children out of school, primary, female",SE.PRM.UNER.FE,Guinea-Bissau,GNB,..,64302,..,..,..,39845,..,..,..,..,..,..
"Children out of school, primary, female",SE.PRM.UNER.FE,Guyana,GUY,..,..,..,6531,10630,9754,9207,9098,..,..,..,..
"Children out of school, primary, female",SE.PRM.UNER.FE,Haiti,HTI,..,..,..,..,..,..,..,..,..,..,..,..
"Children out of school, primary, female",SE.PRM.UNER.FE,Honduras,HND,..,55703,39136,15958,13648,16229,10431,11111,24762,25029,..,..
"Children out of school, primary, female",SE.PRM.UNER.FE,"Hong Kong SAR, China",HKG,..,..,..,..,..,..,..,2097,1812,1329,..,..
"Children out of school, primary, female",SE.PRM.UNER.FE,Hungary,HUN,..,7903,6617,3932,2160,2322,3832,5781,7386,7737,..,..
"Children out of school, primary, female",SE.PRM.UNER.FE,Iceland,ISL,..,..,256,165,100,153,171,162,..,..,..,..
"Children out of school, primary, female",SE.PRM.UNER.FE,India,IND,17687004,13416546,2248144,1406158,1865020,1688497,1695210,1384677,931474,..,..,..
"Children out of school, primary, female",SE.PRM.UNER.FE,Indonesia,IDN,674600,..,670689,677076,611359,380792,227611,556230,855416,1043640,..,..
"Children out of school, primary, female",SE.PRM.UNER.FE,"Iran, Islamic Rep.",IRN,476684,661766,4670,..,..,..,..,..,..,..,..,..
"Children out of school, primary, female",SE.PRM.UNER.FE,Iraq,IRQ,..,328460,293087,..,..,..,..,..,..,..,..,..
"Children out of school, primary, female",SE.PRM.UNER.FE,Ireland,IRL,22688,..,..,..,..,25,2049,446,975,..,..,..
"Children out of school, primary, female",SE.PRM.UNER.FE,Isle of Man,IMY,..,..,..,..,..,..,..,..,..,..,..,..
"Children out of school, primary, female",SE.PRM.UNER.FE,Israel,ISR,..,7397,8016,8454,10036,8404,10016,7823,9801,10626,..,..
"Children out of school, primary, female",SE.PRM.UNER.FE,Italy,ITA,..,3740,18501,19538,17910,15542,20569,14079,10705,..,..,..
"Children out of school, primary, female",SE.PRM.UNER.FE,Jamaica,JAM,2583,10672,..,..,..,..,..,..,..,..,..,..
"Children out of school, primary, female",SE.PRM.UNER.FE,Japan,JPN,..,..,..,..,..,2036,1658,1849,1633,..,..,..
"Children out of school, primary, female",SE.PRM.UNER.FE,Jordan,JOR,..,..,6343,18679,..,45000,52048,60532,..,..,..,..
"Children out of school, primary, female",SE.PRM.UNER.FE,Kazakhstan,KAZ,..,30594,11955,5590,1711,..,1449,1534,1699,1971,446,..
"Children out of school, primary, female",SE.PRM.UNER.FE,Kenya,KEN,..,861725,379261,501833,484010,..,..,413319,..,..,..,..
"Children out of school, primary, female",SE.PRM.UNER.FE,Kiribati,KIR,..,..,..,..,..,..,..,..,..,..,..,..
"Children out of school, primary, female",SE.PRM.UNER.FE,"Korea, Dem. People’s Rep.",PRK,..,..,..,..,22579,..,..,..,..,..,..,..
"Children out of school, primary, female",SE.PRM.UNER.FE,"Korea, Rep.",KOR,..,73,2767,3279,15908,24030,20569,21024,54508,..,..,..
"Children out of school, primary, female",SE.PRM.UNER.FE,Kosovo,KSV,..,..,..,..,..,..,..,..,..,..,..,..
"Children out of school, primary, female",SE.PRM.UNER.FE,Kuwait,KWT,..,587,830,44,..,508,338,556,776,799,..,..
"Children out of school, primary, female",SE.PRM.UNER.FE,Kyrgyz Republic,KGZ,..,18490,11799,12886,13712,12635,12443,6074,4170,4892,..,..
"Children out of school, primary, female",SE.PRM.UNER.FE,Lao PDR,LAO,..,106295,67992,56572,44900,27315,25910,26384,20224,20826,..,..
"Children out of school, primary, female",SE.PRM.UNER.FE,Latvia,LVA,..,..,..,1681,655,456,527,592,586,1483,..,..
"Children out of school, primary, female",SE.PRM.UNER.FE,Lebanon,LBN,..,..,31157,28552,26159,22014,22357,30002,34523,..,..,..
"Children out of school, primary, female",SE.PRM.UNER.FE,Lesotho,LSO,30385,27285,40915,38388,36482,33169,30629,27745,30561,29707,..,..
"Children out of school, primary, female",SE.PRM.UNER.FE,Liberia,LBR,..,..,..,167352,183644,..,194833,..,..,220411,..,..
"Children out of school, primary, female",SE.PRM.UNER.FE,Libya,LBY,..,..,..,..,..,..,..,..,..,..,..,..
"Children out of school, primary, female",SE.PRM.UNER.FE,Liechtenstein,LIE,..,..,..,..,..,..,..,..,..,18,..,..
"Children out of school, primary, female",SE.PRM.UNER.FE,Lithuania,LTU,..,2062,2484,774,426,363,1059,654,77,66,..,..
"Children out of school, primary, female",SE.PRM.UNER.FE,Luxembourg,LUX,..,281,205,310,..,669,762,696,686,..,..,..
"Children out of school, primary, female",SE.PRM.UNER.FE,"Macao SAR, China",MAC,2343,..,..,..,..,..,..,..,..,..,..,..
"Children out of school, primary, female",SE.PRM.UNER.FE,"Macedonia, FYR",MKD,..,2102,5684,7584,6915,4546,..,7575,..,..,..,..
"Children out of school, primary, female",SE.PRM.UNER.FE,Madagascar,MDG,263135,382214,..,..,..,..,..,..,..,..,..,..
"Children out of school, primary, female",SE.PRM.UNER.FE,Malawi,MWI,..,..,48564,..,..,..,..,..,..,..,..,..
"Children out of school, primary, female",SE.PRM.UNER.FE,Malaysia,MYS,..,..,..,..,..,..,..,..,..,..,..,..
"Children out of school, primary, female",SE.PRM.UNER.FE,Maldives,MDV,..,681,689,1799,903,..,..,..,..,..,..,..
"Children out of school, primary, female",SE.PRM.UNER.FE,Mali,MLI,..,..,491945,..,445720,443264,440172,478514,..,553371,..,..
"Children out of school, primary, female",SE.PRM.UNER.FE,Malta,MLT,298,..,..,..,..,..,2171,1962,1392,723,..,..
"Children out of school, primary, female",SE.PRM.UNER.FE,Marshall Islands,MHL,..,..,..,..,..,..,..,..,..,..,..,..
"Children out of school, primary, female",SE.PRM.UNER.FE,Mauritania,MRT,..,86978,63067,72718,77131,77449,76150,79230,74560,69010,..,..
"Children out of school, primary, female",SE.PRM.UNER.FE,Mauritius,MUS,1331,4240,1616,1638,1451,1362,1139,2725,1306,1201,..,..
"Children out of school, primary, female",SE.PRM.UNER.FE,Mexico,MEX,..,64375,347760,356807,309685,243397,182144,137703,141671,128037,..,..
"Children out of school, primary, female",SE.PRM.UNER.FE,"Micronesia, Fed. Sts.",FSM,..,..,..,..,..,..,..,..,..,826,..,..
"Children out of school, primary, female",SE.PRM.UNER.FE,Moldova,MDA,..,9634,8578,7914,7930,7228,7018,6807,6710,7270,..,..
"Children out of school, primary, female",SE.PRM.UNER.FE,Monaco,MCO,..,..,..,..,..,..,..,..,..,..,..,..
"Children out of school, primary, female",SE.PRM.UNER.FE,Mongolia,MNG,..,7833,2541,2410,4198,3210,2787,3373,6149,5836,..,..
"Children out of school, primary, female",SE.PRM.UNER.FE,Montenegro,MNE,..,..,800,1004,..,..,1574,1060,..,..,1314,..
"Children out of school, primary, female",SE.PRM.UNER.FE,Morocco,MAR,857248,554374,227349,198553,176172,97035,49730,38712,20094,20186,..,..
"Children out of school, primary, female",SE.PRM.UNER.FE,Mozambique,MOZ,..,871926,493300,428663,400958,375818,426866,428213,408894,395391,..,..
"Children out of school, primary, female",SE.PRM.UNER.FE,Myanmar,MMR,..,273100,143984,282993,332018,335948,..,..,..,..,..,..
"Children out of school, primary, female",SE.PRM.UNER.FE,Namibia,NAM,22736,13638,17613,20027,20685,21347,..,18617,14935,..,..,..
"Children out of school, primary, female",SE.PRM.UNER.FE,Nauru,NRU,..,..,..,..,..,..,..,153,..,116,..,..
"Children out of school, primary, female",SE.PRM.UNER.FE,Nepal,NPL,..,545926,..,..,..,..,34009,..,..,95591,56883,..
"Children out of school, primary, female",SE.PRM.UNER.FE,Netherlands,NLD,7895,5778,..,..,..,..,..,..,..,..,..,..
"Children out of school, primary, female",SE.PRM.UNER.FE,New Caledonia,NCL,..,..,..,..,..,..,..,..,..,..,..,..
"Children out of school, primary, female",SE.PRM.UNER.FE,New Zealand,NZL,..,1649,892,645,662,601,947,2160,2577,2933,..,..
"Children out of school, primary, female",SE.PRM.UNER.FE,Nicaragua,NIC,109783,49447,3070,..,..,1043,..,..,..,..,..,..
"Children out of school, primary, female",SE.PRM.UNER.FE,Niger,NER,516571,667999,724112,710098,694462,671522,633019,629700,657845,680251,..,..
"Children out of school, primary, female",SE.PRM.UNER.FE,Nigeria,NGA,..,3794358,4079958,4879980,4876912,4976430,..,..,..,..,..,..
"Children out of school, primary, female",SE.PRM.UNER.FE,Northern Mariana Islands,MNP,..,..,..,..,..,..,..,..,..,..,..,..
"Children out of school, primary, female",SE.PRM.UNER.FE,Norway,NOR,216,331,1613,1172,1504,1837,1354,205,374,279,..,..
"Children out of school, primary, female",SE.PRM.UNER.FE,Oman,OMN,52465,24288,..,..,9430,..,3480,3423,2904,2812,..,..
"Children out of school, primary, female",SE.PRM.UNER.FE,Pakistan,PAK,..,..,3379106,3266771,3085492,2962060,3194221,3216427,3402004,3300032,..,..
"Children out of school, primary, female",SE.PRM.UNER.FE,Palau,PLW,..,..,..,..,..,..,..,..,..,..,..,..
"Children out of school, primary, female",SE.PRM.UNER.FE,Panama,PAN,22424,9190,3809,5163,10137,5636,5962,6112,7880,..,..,..
"Children out of school, primary, female",SE.PRM.UNER.FE,Papua New Guinea,PNG,..,..,..,..,..,..,..,98137,..,..,..,..
"Children out of school, primary, female",SE.PRM.UNER.FE,Paraguay,PRY,25219,6940,31896,38254,41521,41528,40599,42488,..,..,..,..
"Children out of school, primary, female",SE.PRM.UNER.FE,Peru,PER,..,..,2602,2505,2618,2485,13826,116214,68487,72356,..,..
"Children out of school, primary, female",SE.PRM.UNER.FE,Philippines,PHL,112418,..,678062,577724,429432,..,..,..,70648,..,..,..
"Children out of school, primary, female",SE.PRM.UNER.FE,Poland,POL,..,66171,55459,51593,41240,34555,33914,30259,29380,..,..,..
"Children out of school, primary, female",SE.PRM.UNER.FE,Portugal,PRT,..,..,..,..,1574,1322,3339,2905,3083,4129,..,..
"Children out of school, primary, female",SE.PRM.UNER.FE,Puerto Rico,PRI,..,..,..,..,..,14801,18848,17256,17824,..,..,..
"Children out of school, primary, female",SE.PRM.UNER.FE,Qatar,QAT,3909,57,3969,..,2635,4104,2192,..,..,..,..,..
"Children out of school, primary, female",SE.PRM.UNER.FE,Romania,ROM,..,44872,20329,23290,24675,28231,31482,36512,..,..,..,..
"Children out of school, primary, female",SE.PRM.UNER.FE,Russian Federation,RUS,..,..,147590,115870,74479,..,55215,54065,51620,87370,..,..
"Children out of school, primary, female",SE.PRM.UNER.FE,Rwanda,RWA,..,..,..,..,..,..,..,..,22858,..,..,..
"Children out of school, primary, female",SE.PRM.UNER.FE,Samoa,WSM,..,967,..,..,..,391,523,354,..,272,..,..
"Children out of school, primary, female",SE.PRM.UNER.FE,San Marino,SMR,..,..,..,..,56,..,..,55,..,..,..,..
"Children out of school, primary, female",SE.PRM.UNER.FE,Sao Tome and Principe,STP,..,..,885,807,473,564,..,..,762,725,841,..
"Children out of school, primary, female",SE.PRM.UNER.FE,Saudi Arabia,SAU,..,..,..,..,257331,156719,144865,100318,86350,84618,..,..
"Children out of school, primary, female",SE.PRM.UNER.FE,Senegal,SEN,385223,370262,293736,287288,288471,285710,287903,261059,..,278394,..,..
"Children out of school, primary, female",SE.PRM.UNER.FE,Serbia,SRB,..,..,2458,2933,6110,8099,3793,5081,4595,1552,..,..
"Children out of school, primary, female",SE.PRM.UNER.FE,Seychelles,SYC,..,235,..,..,..,..,..,..,..,196,..,..
"Children out of school, primary, female",SE.PRM.UNER.FE,Sierra Leone,SLE,..,..,..,..,..,..,..,6479,..,..,..,..
"Children out of school, primary, female",SE.PRM.UNER.FE,Singapore,SGP,..,..,..,..,..,..,..,..,..,..,..,..
"Children out of school, primary, female",SE.PRM.UNER.FE,Sint Maarten (Dutch part),SXM,..,..,..,..,..,..,..,..,..,..,..,..
"Children out of school, primary, female",SE.PRM.UNER.FE,Slovak Republic,SVK,..,..,..,..,..,..,..,..,..,..,..,..
"Children out of school, primary, female",SE.PRM.UNER.FE,Slovenia,SVN,..,1426,1320,1250,1303,1415,1338,947,1038,896,..,..
"Children out of school, primary, female",SE.PRM.UNER.FE,Solomon Islands,SLB,..,..,7750,..,..,..,..,..,..,..,..,..
"Children out of school, primary, female",SE.PRM.UNER.FE,Somalia,SOM,..,..,..,..,..,..,..,..,..,..,..,..
"Children out of school, primary, female",SE.PRM.UNER.FE,South Africa,ZAF,..,189973,..,..,..,..,..,..,..,..,..,..
"Children out of school, primary, female",SE.PRM.UNER.FE,South Sudan,SSD,..,..,..,..,..,..,564289,..,..,..,..,..
"Children out of school, primary, female",SE.PRM.UNER.FE,Spain,ESP,11614,178,1837,819,1040,2002,2011,1809,3529,11486,..,..
"Children out of school, primary, female",SE.PRM.UNER.FE,Sri Lanka,LKA,..,..,32398,40517,61320,49606,50364,49055,39088,31010,..,..
"Children out of school, primary, female",SE.PRM.UNER.FE,St. Kitts and Nevis,KNA,..,..,311,556,216,455,367,475,526,568,..,..
"Children out of school, primary, female",SE.PRM.UNER.FE,St. Lucia,LCA,475,1389,789,..,..,..,..,..,..,..,..,..
"Children out of school, primary, female",SE.PRM.UNER.FE,St. Martin (French part),MAF,..,..,..,..,..,..,..,..,..,..,..,..
"Children out of school, primary, female",SE.PRM.UNER.FE,St. Vincent and the Grenadines,VCT,..,..,..,..,..,..,217,..,307,578,..,..
"Children out of school, primary, female",SE.PRM.UNER.FE,Sudan,SDN,..,..,..,..,..,..,1507743,1298832,..,..,..,..
"Children out of school, primary, female",SE.PRM.UNER.FE,Suriname,SUR,..,..,3840,2277,1388,..,736,..,4740,2378,..,..
"Children out of school, primary, female",SE.PRM.UNER.FE,Swaziland,SWZ,20937,30017,14732,..,..,..,..,..,22729,..,..,..
"Children out of school, primary, female",SE.PRM.UNER.FE,Sweden,SWE,1193,3091,11752,5325,2741,2638,2155,1486,719,525,..,..
"Children out of school, primary, female",SE.PRM.UNER.FE,Switzerland,CHE,34802,745,4636,2758,1688,1561,1047,869,251,278,..,..
"Children out of school, primary, female",SE.PRM.UNER.FE,Syrian Arab Republic,SYR,100509,..,17477,16974,19289,..,..,..,282256,..,..,..
"Children out of school, primary, female",SE.PRM.UNER.FE,Tajikistan,TJK,..,31819,17651,13448,12664,11099,11301,9006,9465,9736,5605,..
"Children out of school, primary, female",SE.PRM.UNER.FE,Tanzania,TZA,1167515,1494911,..,174733,..,446610,..,679855,841324,..,..,..
"Children out of school, primary, female",SE.PRM.UNER.FE,Thailand,THA,..,..,184700,165834,116198,..,..,..,..,196427,..,..
"Children out of school, primary, female",SE.PRM.UNER.FE,Timor-Leste,TMP,..,..,..,21877,12505,3601,1581,2656,1548,484,..,..
"Children out of school, primary, female",SE.PRM.UNER.FE,Togo,TGO,152584,..,73547,66111,..,..,..,..,..,57537,..,..
"Children out of school, primary, female",SE.PRM.UNER.FE,Tonga,TON,506,..,..,..,..,..,..,..,190,104,..,..
"Children out of school, primary, female",SE.PRM.UNER.FE,Trinidad and Tobago,TTO,7924,1046,2347,1383,1996,977,..,..,..,..,..,..
"Children out of school, primary, female",SE.PRM.UNER.FE,Tunisia,TUN,66869,35210,12729,11539,8260,..,..,..,..,..,..,..
"Children out of school, primary, female",SE.PRM.UNER.FE,Turkey,TUR,..,..,..,102641,168761,140732,167772,217557,189760,..,..,..
"Children out of school, primary, female",SE.PRM.UNER.FE,Turkmenistan,TKM,..,..,..,..,..,..,..,..,..,..,..,..
"Children out of school, primary, female",SE.PRM.UNER.FE,Turks and Caicos Islands,TCA,..,..,..,..,..,..,..,..,..,..,..,..
"Children out of school, primary, female",SE.PRM.UNER.FE,Tuvalu,TUV,..,..,..,..,..,..,..,..,..,15,..,..
"Children out of school, primary, female",SE.PRM.UNER.FE,Uganda,UGA,..,..,..,..,173220,288896,197645,..,180660,..,..,..
"Children out of school, primary, female",SE.PRM.UNER.FE,Ukraine,UKR,..,..,96705,88523,73221,38242,5449,..,..,18974,..,..
"Children out of school, primary, female",SE.PRM.UNER.FE,United Arab Emirates,ARE,..,..,4381,..,12287,7437,10742,7055,7475,6748,..,..
"Children out of school, primary, female",SE.PRM.UNER.FE,United Kingdom,GBR,..,377,42954,19799,26465,11728,4775,5557,..,..,..,..
"Children out of school, primary, female",SE.PRM.UNER.FE,United States,USA,139641,268623,249321,239583,340525,575966,636727,706575,886724,672446,..,..
"Children out of school, primary, female",SE.PRM.UNER.FE,Uruguay,URY,..,..,2823,1435,1295,..,..,..,872,..,..,..
"Children out of school, primary, female",SE.PRM.UNER.FE,Uzbekistan,UZB,..,..,38584,57326,67202,91492,91483,..,..,..,..,..
"Children out of school, primary, female",SE.PRM.UNER.FE,Vanuatu,VUT,..,..,..,..,..,..,..,..,..,..,..,..
"Children out of school, primary, female",SE.PRM.UNER.FE,"Venezuela, RB",VEN,..,193177,111800,141427,111478,98313,98830,121854,132355,116395,..,..
"Children out of school, primary, female",SE.PRM.UNER.FE,Vietnam,VNM,..,..,..,..,..,..,..,..,..,..,..,..
"Children out of school, primary, female",SE.PRM.UNER.FE,Virgin Islands (U.S.),VIR,..,..,..,..,..,..,..,..,..,..,..,..
"Children out of school, primary, female",SE.PRM.UNER.FE,West Bank and Gaza,WBG,..,18342,34039,30161,26775,25526,22794,17446,15835,15989,..,..
"Children out of school, primary, female",SE.PRM.UNER.FE,"Yemen, Rep.",YEM,..,..,..,561850,..,492662,..,435504,423470,..,..,..
"Children out of school, primary, female",SE.PRM.UNER.FE,Zambia,ZMB,..,369246,103029,..,125226,164998,117723,95905,147141,..,..,..
"Children out of school, primary, female",SE.PRM.UNER.FE,Zimbabwe,ZWE,..,187415,..,..,..,..,..,130366,172963,..,..,..
,,,,,,,,,,,,,,,
,,,,,,,,,,,,,,,
,,,,,,,,,,,,,,,
Data from database: World Development Indicators,,,,,,,,,,,,,,,
Last Updated: 11/17/2016,,,,,,,,,,,,,,,
